Fecha,Serie,Total
2020-03-25,pcr,3290.0
2020-03-26,pcr,4886.0
2020-03-27,pcr,7387.0
2020-03-28,pcr,3534.0
2020-03-29,pcr,1777.0
2020-03-30,pcr,3680.0
2020-03-31,pcr,3046.0
2020-04-01,pcr,2898.0
2020-04-02,pcr,2685.0
2020-04-03,pcr,3405.0
2020-04-04,pcr,4483.0
2020-04-05,pcr,3343.0
2020-04-06,pcr,2908.0
2020-04-07,pcr,2258.0
2020-04-08,pcr,3269.0
2020-04-09,pcr,7962
2020-04-10,pcr,4444
2020-04-11,pcr,3577
2020-04-12,pcr,5897
2020-04-13,pcr,2764
2020-04-14,pcr,2759
2020-04-15,pcr,4079
2020-04-16,pcr,6551
2020-04-17,pcr,5449
2020-04-18,pcr,5018
2020-04-19,pcr,4758
2020-04-20,pcr,5178
2020-04-21,pcr,3530
2020-04-22,pcr,6365
2020-04-23,pcr,6425
2020-04-24,pcr,7120
2020-04-25,pcr,6945
2020-04-26,pcr,6763
2020-04-27,pcr,5260
2020-04-28,pcr,4930
2020-04-29,pcr,6454
2020-04-30,pcr,7898
2020-05-01,pcr,8916
2020-05-02,pcr,9967
2020-05-03,pcr,6818
2020-05-04,pcr,7913
2020-05-05,pcr,7964
2020-05-06,pcr,10013
2020-05-07,pcr,12118
2020-05-08,pcr,11735
2020-05-09,pcr,11943
2020-05-10,pcr,12780
2020-05-11,pcr,13373
2020-05-12,pcr,9283
2020-05-13,pcr,10410
2020-05-14,pcr,11502
2020-05-15,pcr,16095
2020-05-16,pcr,8813
2020-05-17,pcr,13171
2020-05-18,pcr,17515
2020-05-19,pcr,16189
2020-05-20,pcr,12469
2020-05-21,pcr,16334
2020-05-22,pcr,16090
2020-05-23,pcr,15239
2020-05-24,pcr,14426
2020-05-25,pcr,16283
2020-05-26,pcr,13084
2020-05-27,pcr,13398
2020-05-28,pcr,15650
2020-05-29,pcr,16333
2020-05-30,pcr,16814
2020-05-31,pcr,19120
2020-06-01,pcr,16890
2020-06-02,pcr,13442
2020-06-03,pcr,15546
2020-06-04,pcr,18140
2020-06-05,pcr,21780
2020-06-06,pcr,18954
2020-06-07,pcr,21265
2020-06-08,pcr,20040
2020-06-09,pcr,17777
2020-06-10,pcr,14477
2020-06-11,pcr,19976
2020-06-12,pcr,18733
2020-06-13,pcr,20223
2020-06-14,pcr,20151
2020-06-15,pcr,18808
2020-06-16,pcr,14575
2020-06-17,pcr,12636
2020-06-18,pcr,16997
2020-06-19,pcr,20347
2020-06-20,pcr,20080
2020-06-21,pcr,20115
2020-06-22,pcr,18645
2020-06-23,pcr,12707
2020-06-24,pcr,12575
2020-06-25,pcr,17446
2020-06-26,pcr,18249
2020-06-27,pcr,17944
2020-06-28,pcr,18370
2020-06-29,pcr,16799
2020-06-30,pcr,13349
2020-07-01,pcr,10385
2020-07-02,pcr,10831
2020-07-03,pcr,15585
2020-07-04,pcr,17287
2020-07-05,pcr,18004
2020-07-06,pcr,16377
2020-07-07,pcr,12065
2020-07-08,pcr,10464
2020-07-09,pcr,16842
2020-07-10,pcr,17727
2020-07-11,pcr,18268
2020-07-12,pcr,19171
2020-07-13,pcr,17467
2020-07-14,pcr,12238
2020-07-15,pcr,12209
2020-07-16,pcr,17192
2020-07-17,pcr,18699
2020-07-18,pcr,17716
2020-07-19,pcr,15728
2020-07-20,pcr,16343
2020-07-21,pcr,12590
2020-07-22,pcr,12793
2020-07-23,pcr,18867
2020-07-24,pcr,21071
2020-07-25,pcr,19133
2020-07-26,pcr,19709
2020-07-27,pcr,21544
2020-07-28,pcr,17596
2020-07-29,pcr,17130
2020-07-30,pcr,20295
2020-07-31,pcr,22874
2020-08-01,pcr,24398
2020-08-02,pcr,24899
2020-08-03,pcr,24269
2020-08-04,pcr,18857
2020-08-05,pcr,21398
2020-08-06,pcr,22802
2020-08-07,pcr,25243
2020-08-08,pcr,27037
2020-08-09,pcr,28460
2020-08-10,pcr,26012
2020-08-11,pcr,22249
2020-08-12,pcr,19348
2020-08-13,pcr,23628
2020-08-14,pcr,27618
2020-08-15,pcr,28499
2020-08-16,pcr,30882
2020-08-17,pcr,25289
2020-08-18,pcr,23199
2020-08-19,pcr,19275
2020-08-20,pcr,26278
2020-08-21,pcr,28669
2020-08-22,pcr,29727
2020-08-23,pcr,31981
2020-08-24,pcr,27454
2020-08-25,pcr,24503
2020-08-26,pcr,20257
2020-08-27,pcr,27019
2020-08-28,pcr,30274
2020-08-29,pcr,32237
2020-08-30,pcr,34769
2020-08-31,pcr,31914
2020-09-01,pcr,26326
2020-09-02,pcr,22746
2020-09-03,pcr,27242
2020-09-04,pcr,31968
2020-09-05,pcr,34595
2020-09-06,pcr,35289
2020-09-07,pcr,30987
2020-09-08,pcr,27980
2020-09-09,pcr,21805
2020-09-10,pcr,28313
2020-09-11,pcr,34082
2020-09-12,pcr,38062
2020-09-13,pcr,36298
2020-09-14,pcr,32577
2020-09-15,pcr,27197
2020-09-16,pcr,23102
2020-09-17,pcr,31646
2020-09-18,pcr,33240
2020-09-19,pcr,34822
2020-09-20,pcr,27620
2020-09-21,pcr,16822
2020-09-22,pcr,13389
2020-09-23,pcr,15573
2020-09-24,pcr,29078
2020-09-25,pcr,37653
2020-09-26,pcr,38161
2020-09-27,pcr,39405
2020-09-28,pcr,37473
2020-09-29,pcr,28919
2020-09-30,pcr,27509
2020-10-01,pcr,33533
2020-10-02,pcr,38674
2020-10-03,pcr,35698
2020-10-04,pcr,36333
2020-10-05,pcr,36198
2020-10-06,pcr,26316
2020-10-07,pcr,19706
2020-10-08,pcr,32954
2020-10-09,pcr,36292
2020-10-10,pcr,36022
2020-10-11,pcr,39211
2020-10-12,pcr,35907
2020-10-13,pcr,25603
2020-10-14,pcr,17351
2020-10-15,pcr,18005
2020-10-16,pcr,31088
2020-10-17,pcr,36614
2020-10-18,pcr,37121
2020-10-19,pcr,34671
2020-10-20,pcr,25731
2020-10-21,pcr,18846
2020-10-22,pcr,31734
2020-10-23,pcr,37359
2020-10-24,pcr,37796
2020-10-25,pcr,38473
2020-10-26,pcr,37832
2020-10-27,pcr,20012
2020-10-28,pcr,21822
2020-10-29,pcr,33406
2020-10-30,pcr,36880
2020-10-31,pcr,39258
2020-11-01,pcr,41152
2020-11-02,pcr,36260
2020-11-03,pcr,23654
2020-11-04,pcr,18031
2020-11-05,pcr,34228
2020-11-06,pcr,40493
2020-11-07,pcr,39290
2020-11-08,pcr,42071
2020-11-09,pcr,37331
2020-11-10,pcr,23931
2020-11-11,pcr,22148
2020-11-12,pcr,35708
2020-11-13,pcr,38283
2020-11-14,pcr,40522
2020-11-15,pcr,40814
2020-11-16,pcr,37329
2020-11-17,pcr,22703
2020-11-18,pcr,20225
2020-11-19,pcr,35314
2020-11-20,pcr,39230
2020-11-21,pcr,39586
2020-11-22,pcr,40034
2020-11-23,pcr,38378
2020-11-24,pcr,22760
2020-11-25,pcr,20380
2020-11-26,pcr,36179
2020-11-27,pcr,38926
2020-11-28,pcr,39462
2020-11-29,pcr,42774
2020-11-30,pcr,37496
2020-12-01,pcr,23680
2020-12-02,pcr,21600
2020-12-03,pcr,36062
2020-12-04,pcr,40641
2020-12-05,pcr,40161
2020-12-06,pcr,42177
2020-12-07,pcr,38743
2020-12-08,pcr,28185
2020-12-09,pcr,22192
2020-12-10,pcr,32509
2020-12-11,pcr,27543
2020-12-12,pcr,40359
2020-12-13,pcr,48054
2020-12-14,pcr,46876
2020-12-15,pcr,29482
2020-12-16,pcr,25899
2020-12-17,pcr,40061
2020-12-18,pcr,47534
2020-12-19,pcr,46726
2020-12-20,pcr,50285
2020-12-21,pcr,45693
2020-12-22,pcr,29905
2020-12-23,pcr,31234
2020-12-24,pcr,44304
2020-12-25,pcr,48011
2020-12-26,pcr,48273
2020-12-27,pcr,27297
2020-12-28,pcr,23491
2020-12-29,pcr,22390
2020-12-30,pcr,26092
2020-12-31,pcr,42570
2021-01-01,pcr,50583
2021-01-02,pcr,46178
2021-01-03,pcr,29784
2021-01-04,pcr,25497
2021-01-05,pcr,25817
2021-01-06,pcr,32036
2021-01-07,pcr,47718
2021-01-08,pcr,54041
2021-01-09,pcr,58116
2020-03-25,casos,220.0
2020-03-26,casos,164.0
2020-03-27,casos,304.0
2020-03-28,casos,299.0
2020-03-29,casos,230.0
2020-03-30,casos,310.0
2020-03-31,casos,289.0
2020-04-01,casos,293.0
2020-04-02,casos,373.0
2020-04-03,casos,333.0
2020-04-04,casos,424.0
2020-04-05,casos,310.0
2020-04-06,casos,344.0
2020-04-07,casos,301.0
2020-04-08,casos,430.0
2020-04-09,casos,426.0
2020-04-10,casos,529.0
2020-04-11,casos,426.0
2020-04-12,casos,286.0
2020-04-13,casos,312.0
2020-04-14,casos,392.0
2020-04-15,casos,356.0
2020-04-16,casos,534.0
2020-04-17,casos,445.0
2020-04-18,casos,478.0
2020-04-19,casos,358.0
2020-04-20,casos,419.0
2020-04-21,casos,325.0
2020-04-22,casos,464.0
2020-04-23,casos,516.0
2020-04-24,casos,494.0
2020-04-25,casos,552.0
2020-04-26,casos,473.0
2020-04-27,casos,482.0
2020-04-28,casos,552.0
2020-04-29,casos,770.0
2020-04-30,casos,888.0
2020-05-01,casos,985.0
2020-05-02,casos,1427.0
2020-05-03,casos,1228.0
2020-05-04,casos,980.0
2020-05-05,casos,1373.0
2020-05-06,casos,1032.0
2020-05-07,casos,1533.0
2020-05-08,casos,1391.0
2020-05-09,casos,1247.0
2020-05-10,casos,1647.0
2020-05-11,casos,1197.0
2020-05-12,casos,1658.0
2020-05-13,casos,2660.0
2020-05-14,casos,2659.0
2020-05-15,casos,2502.0
2020-05-16,casos,1886.0
2020-05-17,casos,2353.0
2020-05-18,casos,2278.0
2020-05-19,casos,3520.0
2020-05-20,casos,4038.0
2020-05-21,casos,3964.0
2020-05-22,casos,4276.0
2020-05-23,casos,3536.0
2020-05-24,casos,3709.0
2020-05-25,casos,4895.0
2020-05-26,casos,3964.0
2020-05-27,casos,4328.0
2020-05-28,casos,4654.0
2020-05-29,casos,3695.0
2020-05-30,casos,4220.0
2020-05-31,casos,4830.0
2020-06-01,casos,5471.0
2020-06-02,casos,3527.0
2020-06-03,casos,4942.0
2020-06-04,casos,4664.0
2020-06-05,casos,4207.0
2020-06-06,casos,5246.0
2020-06-07,casos,6405.0
2020-06-08,casos,4696.0
2020-06-09,casos,3913.0
2020-06-10,casos,5737.0
2020-06-11,casos,5596.0
2020-06-12,casos,6754.0
2020-06-13,casos,6509.0
2020-06-14,casos,6938.0
2020-06-15,casos,5143.0
2020-06-16,casos,5013.0
2020-06-17,casos,4757.0
2020-06-18,casos,4475.0
2020-06-19,casos,6290.0
2020-06-20,casos,5355.0
2020-06-21,casos,5607.0
2020-06-22,casos,4608.0
2020-06-23,casos,3804.0
2020-06-24,casos,3649.0
2020-06-25,casos,4648.0
2020-06-26,casos,4296.0
2020-06-27,casos,4406.0
2020-06-28,casos,4216.0
2020-06-29,casos,4017.0
2020-06-30,casos,3394.0
2020-07-01,casos,2650.0
2020-07-02,casos,2498.0
2020-07-03,casos,3548.0
2020-07-04,casos,3758.0
2020-07-05,casos,3685.0
2020-07-06,casos,3025.0
2020-07-07,casos,2462.0
2020-07-08,casos,2064.0
2020-07-09,casos,3133.0
2020-07-10,casos,3058.0
2020-07-11,casos,2755.0
2020-07-12,casos,3012.0
2020-07-13,casos,2616.0
2020-07-14,casos,1836.0
2020-07-15,casos,1712.0
2020-07-16,casos,2475.0
2020-07-17,casos,2840.0
2020-07-18,casos,2185.0
2020-07-19,casos,2082.0
2020-07-20,casos,2099.0
2020-07-21,casos,1656.0
2020-07-22,casos,1741.0
2020-07-23,casos,2371.0
2020-07-24,casos,2545.0
2020-07-25,casos,2287.0
2020-07-26,casos,2198.0
2020-07-27,casos,2133.0
2020-07-28,casos,1876.0
2020-07-29,casos,1773.0
2020-07-30,casos,1948.0
2020-07-31,casos,2123.0
2020-08-01,casos,1979.0
2020-08-02,casos,2081.0
2020-08-03,casos,1762.0
2020-08-04,casos,1462.0
2020-08-05,casos,1781.0
2020-08-06,casos,1947.0
2020-08-07,casos,2149.0
2020-08-08,casos,2201.0
2020-08-09,casos,2036.0
2020-08-10,casos,1988.0
2020-08-11,casos,1566.0
2020-08-12,casos,1540.0
2020-08-13,casos,1852.0
2020-08-14,casos,2077.0
2020-08-15,casos,1777.0
2020-08-16,casos,2086.0
2020-08-17,casos,1556.0
2020-08-18,casos,1336.0
2020-08-19,casos,1233.0
2020-08-20,casos,1813.0
2020-08-21,casos,1920.0
2020-08-22,casos,1926.0
2020-08-23,casos,1942.0
2020-08-24,casos,1903.0
2020-08-25,casos,1406.0
2020-08-26,casos,1371.0
2020-08-27,casos,1739.0
2020-08-28,casos,1868.0
2020-08-29,casos,2033.0
2020-08-30,casos,1966.0
2020-08-31,casos,1753.0
2020-09-01,casos,1415.0
2020-09-02,casos,1582.0
2020-09-03,casos,1758.0
2020-09-04,casos,1965.0
2020-09-05,casos,1961.0
2020-09-06,casos,2077.0
2020-09-07,casos,1764.0
2020-09-08,casos,1263.0
2020-09-09,casos,1482.0
2020-09-10,casos,1639.0
2020-09-11,casos,1860.0
2020-09-12,casos,2135.0
2020-09-13,casos,2082.0
2020-09-14,casos,1685.0
2020-09-15,casos,1536.0
2020-09-16,casos,1305.0
2020-09-17,casos,1860.0
2020-09-18,casos,1673.0
2020-09-19,casos,1848.0
2020-09-20,casos,1600.0
2020-09-21,casos,1194.0
2020-09-22,casos,1054.0
2020-09-23,casos,1372.0
2020-09-24,casos,1731.0
2020-09-25,casos,2222.0
2020-09-26,casos,2109.0
2020-09-27,casos,1923.0
2020-09-28,casos,1770.0
2020-09-29,casos,1622.0
2020-09-30,casos,1684.0
2020-10-01,casos,1760.0
2020-10-02,casos,1839.0
2020-10-03,casos,1880.0
2020-10-04,casos,1708.0
2020-10-05,casos,1567.0
2020-10-06,casos,1554.0
2020-10-07,casos,1131.0
2020-10-08,casos,1575.0
2020-10-09,casos,1750.0
2020-10-10,casos,1824.0
2020-10-11,casos,1776.0
2020-10-12,casos,1517.0
2020-10-13,casos,1392.0
2020-10-14,casos,1089.0
2020-10-15,casos,1122.0
2020-10-16,casos,1689.0
2020-10-17,casos,1811.0
2020-10-18,casos,1759.0
2020-10-19,casos,1545.0
2020-10-20,casos,1099.0
2020-10-21,casos,1152.0
2020-10-22,casos,1495.0
2020-10-23,casos,1773.0
2020-10-24,casos,1631.0
2020-10-25,casos,1540.0
2020-10-26,casos,1505.0
2020-10-27,casos,922.0
2020-10-28,casos,1004.0
2020-10-29,casos,1519.0
2020-10-30,casos,1529.0
2020-10-31,casos,1686.0
2020-11-01,casos,1607.0
2020-11-02,casos,1314.0
2020-11-03,casos,1009.0
2020-11-04,casos,846.0
2020-11-05,casos,1540.0
2020-11-06,casos,1801.0
2020-11-07,casos,1568.0
2020-11-08,casos,1576.0
2020-11-09,casos,1318.0
2020-11-10,casos,1083.0
2020-11-11,casos,904.0
2020-11-12,casos,1631.0
2020-11-13,casos,1592.0
2020-11-14,casos,1644.0
2020-11-15,casos,1597.0
2020-11-16,casos,1331.0
2020-11-17,casos,1003.0
2020-11-18,casos,945.0
2020-11-19,casos,1455.0
2020-11-20,casos,1573.0
2020-11-21,casos,1550.0
2020-11-22,casos,1497.0
2020-11-23,casos,1440.0
2020-11-24,casos,1005.0
2020-11-25,casos,1004.0
2020-11-26,casos,1564.0
2020-11-27,casos,1570.0
2020-11-28,casos,1718.0
2020-11-29,casos,1489.0
2020-11-30,casos,1313.0
2020-12-01,casos,1119.0
2020-12-02,casos,1035.0
2020-12-03,casos,1507.0
2020-12-04,casos,1729.0
2020-12-05,casos,1533.0
2020-12-06,casos,1710.0
2020-12-07,casos,1760.0
2020-12-08,casos,1389.0
2020-12-09,casos,1247.0
2020-12-10,casos,1662.0
2020-12-11,casos,1531.0
2020-12-12,casos,1807.0
2020-12-13,casos,2139.0
2020-12-14,casos,1911.0
2020-12-15,casos,1498.0
2020-12-16,casos,1402.0
2020-12-17,casos,1998.0
2020-12-18,casos,2404.0
2020-12-19,casos,2217.0
2020-12-20,casos,2191.0
2020-12-21,casos,1943.0
2020-12-22,casos,1699.0
2020-12-23,casos,1726.0
2020-12-24,casos,2395.0
2020-12-25,casos,2520.0
2020-12-26,casos,2564.0
2020-12-27,casos,1711.0
2020-12-28,casos,1923.0
2020-12-29,casos,1958.0
2020-12-30,casos,1961.0
2020-12-31,casos,3022.0
2021-01-01,casos,3588.0
2021-01-02,casos,3338.0
2021-01-03,casos,2289.0
2021-01-04,casos,2450.0
2021-01-05,casos,2457.0
2021-01-06,casos,2378.0
2021-01-07,casos,3685.0
2021-01-08,casos,4201.0
2021-01-09,casos,4361
2020-03-25,positividad,0.0669
2020-03-26,positividad,0.0336
2020-03-27,positividad,0.0412
2020-03-28,positividad,0.0846
2020-03-29,positividad,0.1294
2020-03-30,positividad,0.0842
2020-03-31,positividad,0.0949
2020-04-01,positividad,0.1011
2020-04-02,positividad,0.1389
2020-04-03,positividad,0.0978
2020-04-04,positividad,0.0946
2020-04-05,positividad,0.0927
2020-04-06,positividad,0.1183
2020-04-07,positividad,0.1333
2020-04-08,positividad,0.1315
2020-04-09,positividad,0.0535
2020-04-10,positividad,0.119
2020-04-11,positividad,0.1191
2020-04-12,positividad,0.0485
2020-04-13,positividad,0.1129
2020-04-14,positividad,0.1421
2020-04-15,positividad,0.0873
2020-04-16,positividad,0.0815
2020-04-17,positividad,0.0817
2020-04-18,positividad,0.0953
2020-04-19,positividad,0.0752
2020-04-20,positividad,0.0809
2020-04-21,positividad,0.0921
2020-04-22,positividad,0.0729
2020-04-23,positividad,0.0803
2020-04-24,positividad,0.0694
2020-04-25,positividad,0.0795
2020-04-26,positividad,0.0699
2020-04-27,positividad,0.0916
2020-04-28,positividad,0.112
2020-04-29,positividad,0.1193
2020-04-30,positividad,0.1124
2020-05-01,positividad,0.1105
2020-05-02,positividad,0.1432
2020-05-03,positividad,0.1801
2020-05-04,positividad,0.1238
2020-05-05,positividad,0.1724
2020-05-06,positividad,0.1031
2020-05-07,positividad,0.1265
2020-05-08,positividad,0.1185
2020-05-09,positividad,0.1044
2020-05-10,positividad,0.1289
2020-05-11,positividad,0.0895
2020-05-12,positividad,0.1786
2020-05-13,positividad,0.2555
2020-05-14,positividad,0.2312
2020-05-15,positividad,0.1555
2020-05-16,positividad,0.214
2020-05-17,positividad,0.1787
2020-05-18,positividad,0.1301
2020-05-19,positividad,0.2174
2020-05-20,positividad,0.3238
2020-05-21,positividad,0.2427
2020-05-22,positividad,0.2658
2020-05-23,positividad,0.232
2020-05-24,positividad,0.2571
2020-05-25,positividad,0.3006
2020-05-26,positividad,0.303
2020-05-27,positividad,0.323
2020-05-28,positividad,0.2974
2020-05-29,positividad,0.2262
2020-05-30,positividad,0.251
2020-05-31,positividad,0.2526
2020-06-01,positividad,0.3239
2020-06-02,positividad,0.2624
2020-06-03,positividad,0.3179
2020-06-04,positividad,0.2571
2020-06-05,positividad,0.1932
2020-06-06,positividad,0.2768
2020-06-07,positividad,0.3012
2020-06-08,positividad,0.2343
2020-06-09,positividad,0.2201
2020-06-10,positividad,0.3963
2020-06-11,positividad,0.2801
2020-06-12,positividad,0.3605
2020-06-13,positividad,0.3219
2020-06-14,positividad,0.3443
2020-06-15,positividad,0.2734
2020-06-16,positividad,0.3439
2020-06-17,positividad,0.3765
2020-06-18,positividad,0.2633
2020-06-19,positividad,0.3091
2020-06-20,positividad,0.2667
2020-06-21,positividad,0.2787
2020-06-22,positividad,0.2471
2020-06-23,positividad,0.2994
2020-06-24,positividad,0.2902
2020-06-25,positividad,0.2664
2020-06-26,positividad,0.2354
2020-06-27,positividad,0.2455
2020-06-28,positividad,0.2295
2020-06-29,positividad,0.2391
2020-06-30,positividad,0.2543
2020-07-01,positividad,0.2552
2020-07-02,positividad,0.2306
2020-07-03,positividad,0.2277
2020-07-04,positividad,0.2174
2020-07-05,positividad,0.2047
2020-07-06,positividad,0.1847
2020-07-07,positividad,0.2041
2020-07-08,positividad,0.1972
2020-07-09,positividad,0.186
2020-07-10,positividad,0.1725
2020-07-11,positividad,0.1508
2020-07-12,positividad,0.1571
2020-07-13,positividad,0.1498
2020-07-14,positividad,0.15
2020-07-15,positividad,0.1402
2020-07-16,positividad,0.144
2020-07-17,positividad,0.1519
2020-07-18,positividad,0.1233
2020-07-19,positividad,0.1324
2020-07-20,positividad,0.1284
2020-07-21,positividad,0.1315
2020-07-22,positividad,0.1361
2020-07-23,positividad,0.1257
2020-07-24,positividad,0.1208
2020-07-25,positividad,0.1195
2020-07-26,positividad,0.1115
2020-07-27,positividad,0.099
2020-07-28,positividad,0.1066
2020-07-29,positividad,0.1035
2020-07-30,positividad,0.096
2020-07-31,positividad,0.0928
2020-08-01,positividad,0.0811
2020-08-02,positividad,0.0836
2020-08-03,positividad,0.0726
2020-08-04,positividad,0.0775
2020-08-05,positividad,0.0832
2020-08-06,positividad,0.0854
2020-08-07,positividad,0.0851
2020-08-08,positividad,0.0814
2020-08-09,positividad,0.0715
2020-08-10,positividad,0.0764
2020-08-11,positividad,0.0704
2020-08-12,positividad,0.0796
2020-08-13,positividad,0.0784
2020-08-14,positividad,0.0752
2020-08-15,positividad,0.0624
2020-08-16,positividad,0.0675
2020-08-17,positividad,0.0615
2020-08-18,positividad,0.0576
2020-08-19,positividad,0.064
2020-08-20,positividad,0.069
2020-08-21,positividad,0.067
2020-08-22,positividad,0.0648
2020-08-23,positividad,0.0607
2020-08-24,positividad,0.0693
2020-08-25,positividad,0.0574
2020-08-26,positividad,0.0677
2020-08-27,positividad,0.0644
2020-08-28,positividad,0.0617
2020-08-29,positividad,0.0631
2020-08-30,positividad,0.0565
2020-08-31,positividad,0.0549
2020-09-01,positividad,0.0537
2020-09-02,positividad,0.0696
2020-09-03,positividad,0.0645
2020-09-04,positividad,0.0615
2020-09-05,positividad,0.0567
2020-09-06,positividad,0.0589
2020-09-07,positividad,0.0569
2020-09-08,positividad,0.0451
2020-09-09,positividad,0.068
2020-09-10,positividad,0.0579
2020-09-11,positividad,0.0546
2020-09-12,positividad,0.0561
2020-09-13,positividad,0.0574
2020-09-14,positividad,0.0517
2020-09-15,positividad,0.0565
2020-09-16,positividad,0.0565
2020-09-17,positividad,0.0588
2020-09-18,positividad,0.0503
2020-09-19,positividad,0.0531
2020-09-20,positividad,0.0579
2020-09-21,positividad,0.071
2020-09-22,positividad,0.0787
2020-09-23,positividad,0.0881
2020-09-24,positividad,0.0595
2020-09-25,positividad,0.059
2020-09-26,positividad,0.0553
2020-09-27,positividad,0.0488
2020-09-28,positividad,0.0472
2020-09-29,positividad,0.0561
2020-09-30,positividad,0.0612
2020-10-01,positividad,0.0525
2020-10-02,positividad,0.0476
2020-10-03,positividad,0.0527
2020-10-04,positividad,0.047
2020-10-05,positividad,0.0433
2020-10-06,positividad,0.0591
2020-10-07,positividad,0.0574
2020-10-08,positividad,0.0478
2020-10-09,positividad,0.0482
2020-10-10,positividad,0.0506
2020-10-11,positividad,0.0453
2020-10-12,positividad,0.0422
2020-10-13,positividad,0.0544
2020-10-14,positividad,0.0628
2020-10-15,positividad,0.0623
2020-10-16,positividad,0.0543
2020-10-17,positividad,0.0495
2020-10-18,positividad,0.0474
2020-10-19,positividad,0.0446
2020-10-20,positividad,0.0427
2020-10-21,positividad,0.0611
2020-10-22,positividad,0.0471
2020-10-23,positividad,0.0475
2020-10-24,positividad,0.0432
2020-10-25,positividad,0.04
2020-10-26,positividad,0.0398
2020-10-27,positividad,0.0461
2020-10-28,positividad,0.046
2020-10-29,positividad,0.0455
2020-10-30,positividad,0.0415
2020-10-31,positividad,0.0429
2020-11-01,positividad,0.0391
2020-11-02,positividad,0.0362
2020-11-03,positividad,0.0427
2020-11-04,positividad,0.0469
2020-11-05,positividad,0.045
2020-11-06,positividad,0.0445
2020-11-07,positividad,0.0399
2020-11-08,positividad,0.0375
2020-11-09,positividad,0.0353
2020-11-10,positividad,0.0453
2020-11-11,positividad,0.0408
2020-11-12,positividad,0.0457
2020-11-13,positividad,0.0416
2020-11-14,positividad,0.0406
2020-11-15,positividad,0.0391
2020-11-16,positividad,0.0357
2020-11-17,positividad,0.0442
2020-11-18,positividad,0.0467
2020-11-19,positividad,0.0412
2020-11-20,positividad,0.0401
2020-11-21,positividad,0.0392
2020-11-22,positividad,0.0374
2020-11-23,positividad,0.0375
2020-11-24,positividad,0.0442
2020-11-25,positividad,0.0493
2020-11-26,positividad,0.0432
2020-11-27,positividad,0.0403
2020-11-28,positividad,0.0435
2020-11-29,positividad,0.0348
2020-11-30,positividad,0.035
2020-12-01,positividad,0.0473
2020-12-02,positividad,0.0479
2020-12-03,positividad,0.0418
2020-12-04,positividad,0.0425
2020-12-05,positividad,0.0382
2020-12-06,positividad,0.0405
2020-12-07,positividad,0.0454
2020-12-08,positividad,0.0493
2020-12-09,positividad,0.0562
2020-12-10,positividad,0.0511
2020-12-11,positividad,0.0556
2020-12-12,positividad,0.0448
2020-12-13,positividad,0.0445
2020-12-14,positividad,0.0408
2020-12-15,positividad,0.0508
2020-12-16,positividad,0.0541
2020-12-17,positividad,0.0499
2020-12-18,positividad,0.0506
2020-12-19,positividad,0.0474
2020-12-20,positividad,0.0436
2020-12-21,positividad,0.0425
2020-12-22,positividad,0.0568
2020-12-23,positividad,0.0553
2020-12-24,positividad,0.0541
2020-12-25,positividad,0.0525
2020-12-26,positividad,0.0531
2020-12-27,positividad,0.0627
2020-12-28,positividad,0.0819
2020-12-29,positividad,0.0874
2020-12-30,positividad,0.0752
2020-12-31,positividad,0.071
2021-01-01,positividad,0.0709
2021-01-02,positividad,0.0723
2021-01-03,positividad,0.0769
2021-01-04,positividad,0.0961
2021-01-05,positividad,0.0952
2021-01-06,positividad,0.0742
2021-01-07,positividad,0.0772
2021-01-08,positividad,0.0777
2021-01-09,positividad,0.075
2020-03-25,mediamovil_positividad,
2020-03-26,mediamovil_positividad,
2020-03-27,mediamovil_positividad,
2020-03-28,mediamovil_positividad,
2020-03-29,mediamovil_positividad,
2020-03-30,mediamovil_positividad,
2020-03-31,mediamovil_positividad,0.0764
2020-04-01,mediamovil_positividad,0.0813
2020-04-02,mediamovil_positividad,0.0963
2020-04-03,mediamovil_positividad,0.1044
2020-04-04,mediamovil_positividad,0.1058
2020-04-05,mediamovil_positividad,0.1006
2020-04-06,mediamovil_positividad,0.1055
2020-04-07,mediamovil_positividad,0.111
2020-04-08,mediamovil_positividad,0.1153
2020-04-09,mediamovil_positividad,0.1031
2020-04-10,mediamovil_positividad,0.1061
2020-04-11,mediamovil_positividad,0.1096
2020-04-12,mediamovil_positividad,0.1033
2020-04-13,mediamovil_positividad,0.1025
2020-04-14,mediamovil_positividad,0.1038
2020-04-15,mediamovil_positividad,0.0975
2020-04-16,mediamovil_positividad,0.1015
2020-04-17,mediamovil_positividad,0.0962
2020-04-18,mediamovil_positividad,0.0928
2020-04-19,mediamovil_positividad,0.0966
2020-04-20,mediamovil_positividad,0.092
2020-04-21,mediamovil_positividad,0.0849
2020-04-22,mediamovil_positividad,0.0828
2020-04-23,mediamovil_positividad,0.0826
2020-04-24,mediamovil_positividad,0.0809
2020-04-25,mediamovil_positividad,0.0786
2020-04-26,mediamovil_positividad,0.0779
2020-04-27,mediamovil_positividad,0.0794
2020-04-28,mediamovil_positividad,0.0822
2020-04-29,mediamovil_positividad,0.0889
2020-04-30,mediamovil_positividad,0.0934
2020-05-01,mediamovil_positividad,0.0993
2020-05-02,mediamovil_positividad,0.1084
2020-05-03,mediamovil_positividad,0.1242
2020-05-04,mediamovil_positividad,0.1288
2020-05-05,mediamovil_positividad,0.1374
2020-05-06,mediamovil_positividad,0.1351
2020-05-07,mediamovil_positividad,0.1371
2020-05-08,mediamovil_positividad,0.1382
2020-05-09,mediamovil_positividad,0.1327
2020-05-10,mediamovil_positividad,0.1254
2020-05-11,mediamovil_positividad,0.1205
2020-05-12,mediamovil_positividad,0.1214
2020-05-13,mediamovil_positividad,0.1431
2020-05-14,mediamovil_positividad,0.1581
2020-05-15,mediamovil_positividad,0.1634
2020-05-16,mediamovil_positividad,0.179
2020-05-17,mediamovil_positividad,0.1861
2020-05-18,mediamovil_positividad,0.1919
2020-05-19,mediamovil_positividad,0.1975
2020-05-20,mediamovil_positividad,0.2072
2020-05-21,mediamovil_positividad,0.2089
2020-05-22,mediamovil_positividad,0.2246
2020-05-23,mediamovil_positividad,0.2272
2020-05-24,mediamovil_positividad,0.2384
2020-05-25,mediamovil_positividad,0.2628
2020-05-26,mediamovil_positividad,0.275
2020-05-27,mediamovil_positividad,0.2749
2020-05-28,mediamovil_positividad,0.2827
2020-05-29,mediamovil_positividad,0.277
2020-05-30,mediamovil_positividad,0.2798
2020-05-31,mediamovil_positividad,0.2791
2020-06-01,mediamovil_positividad,0.2824
2020-06-02,mediamovil_positividad,0.2766
2020-06-03,mediamovil_positividad,0.2759
2020-06-04,mediamovil_positividad,0.2702
2020-06-05,mediamovil_positividad,0.2654
2020-06-06,mediamovil_positividad,0.2691
2020-06-07,mediamovil_positividad,0.2761
2020-06-08,mediamovil_positividad,0.2633
2020-06-09,mediamovil_positividad,0.2572
2020-06-10,mediamovil_positividad,0.2684
2020-06-11,mediamovil_positividad,0.2717
2020-06-12,mediamovil_positividad,0.2956
2020-06-13,mediamovil_positividad,0.3021
2020-06-14,mediamovil_positividad,0.3082
2020-06-15,mediamovil_positividad,0.3138
2020-06-16,mediamovil_positividad,0.3315
2020-06-17,mediamovil_positividad,0.3287
2020-06-18,mediamovil_positividad,0.3263
2020-06-19,mediamovil_positividad,0.3189
2020-06-20,mediamovil_positividad,0.311
2020-06-21,mediamovil_positividad,0.3017
2020-06-22,mediamovil_positividad,0.2979
2020-06-23,mediamovil_positividad,0.2915
2020-06-24,mediamovil_positividad,0.2792
2020-06-25,mediamovil_positividad,0.2797
2020-06-26,mediamovil_positividad,0.2691
2020-06-27,mediamovil_positividad,0.2661
2020-06-28,mediamovil_positividad,0.2591
2020-06-29,mediamovil_positividad,0.2579
2020-06-30,mediamovil_positividad,0.2515
2020-07-01,mediamovil_positividad,0.2465
2020-07-02,mediamovil_positividad,0.2414
2020-07-03,mediamovil_positividad,0.2403
2020-07-04,mediamovil_positividad,0.2363
2020-07-05,mediamovil_positividad,0.2327
2020-07-06,mediamovil_positividad,0.2249
2020-07-07,mediamovil_positividad,0.2178
2020-07-08,mediamovil_positividad,0.2095
2020-07-09,mediamovil_positividad,0.2031
2020-07-10,mediamovil_positividad,0.1952
2020-07-11,mediamovil_positividad,0.1857
2020-07-12,mediamovil_positividad,0.1789
2020-07-13,mediamovil_positividad,0.1739
2020-07-14,mediamovil_positividad,0.1662
2020-07-15,mediamovil_positividad,0.1581
2020-07-16,mediamovil_positividad,0.1521
2020-07-17,mediamovil_positividad,0.1491
2020-07-18,mediamovil_positividad,0.1452
2020-07-19,mediamovil_positividad,0.1417
2020-07-20,mediamovil_positividad,0.1386
2020-07-21,mediamovil_positividad,0.136
2020-07-22,mediamovil_positividad,0.1354
2020-07-23,mediamovil_positividad,0.1328
2020-07-24,mediamovil_positividad,0.1283
2020-07-25,mediamovil_positividad,0.1278
2020-07-26,mediamovil_positividad,0.1248
2020-07-27,mediamovil_positividad,0.1206
2020-07-28,mediamovil_positividad,0.117
2020-07-29,mediamovil_positividad,0.1124
2020-07-30,mediamovil_positividad,0.1081
2020-07-31,mediamovil_positividad,0.1041
2020-08-01,mediamovil_positividad,0.0986
2020-08-02,mediamovil_positividad,0.0947
2020-08-03,mediamovil_positividad,0.0909
2020-08-04,mediamovil_positividad,0.0867
2020-08-05,mediamovil_positividad,0.0838
2020-08-06,mediamovil_positividad,0.0823
2020-08-07,mediamovil_positividad,0.0812
2020-08-08,mediamovil_positividad,0.0813
2020-08-09,mediamovil_positividad,0.0795
2020-08-10,mediamovil_positividad,0.0801
2020-08-11,mediamovil_positividad,0.0791
2020-08-12,mediamovil_positividad,0.0785
2020-08-13,mediamovil_positividad,0.0775
2020-08-14,mediamovil_positividad,0.0761
2020-08-15,mediamovil_positividad,0.0734
2020-08-16,mediamovil_positividad,0.0728
2020-08-17,mediamovil_positividad,0.0707
2020-08-18,mediamovil_positividad,0.0689
2020-08-19,mediamovil_positividad,0.0667
2020-08-20,mediamovil_positividad,0.0653
2020-08-21,mediamovil_positividad,0.0641
2020-08-22,mediamovil_positividad,0.0645
2020-08-23,mediamovil_positividad,0.0635
2020-08-24,mediamovil_positividad,0.0646
2020-08-25,mediamovil_positividad,0.0646
2020-08-26,mediamovil_positividad,0.0651
2020-08-27,mediamovil_positividad,0.0645
2020-08-28,mediamovil_positividad,0.0637
2020-08-29,mediamovil_positividad,0.0635
2020-08-30,mediamovil_positividad,0.0629
2020-08-31,mediamovil_positividad,0.0608
2020-09-01,mediamovil_positividad,0.0603
2020-09-02,mediamovil_positividad,0.0606
2020-09-03,mediamovil_positividad,0.0606
2020-09-04,mediamovil_positividad,0.0605
2020-09-05,mediamovil_positividad,0.0596
2020-09-06,mediamovil_positividad,0.06
2020-09-07,mediamovil_positividad,0.0603
2020-09-08,mediamovil_positividad,0.059
2020-09-09,mediamovil_positividad,0.0588
2020-09-10,mediamovil_positividad,0.0579
2020-09-11,mediamovil_positividad,0.0569
2020-09-12,mediamovil_positividad,0.0568
2020-09-13,mediamovil_positividad,0.0566
2020-09-14,mediamovil_positividad,0.0558
2020-09-15,mediamovil_positividad,0.0575
2020-09-16,mediamovil_positividad,0.0558
2020-09-17,mediamovil_positividad,0.0559
2020-09-18,mediamovil_positividad,0.0553
2020-09-19,mediamovil_positividad,0.0549
2020-09-20,mediamovil_positividad,0.055
2020-09-21,mediamovil_positividad,0.0577
2020-09-22,mediamovil_positividad,0.0609
2020-09-23,mediamovil_positividad,0.0654
2020-09-24,mediamovil_positividad,0.0655
2020-09-25,mediamovil_positividad,0.0668
2020-09-26,mediamovil_positividad,0.0671
2020-09-27,mediamovil_positividad,0.0658
2020-09-28,mediamovil_positividad,0.0624
2020-09-29,mediamovil_positividad,0.0591
2020-09-30,mediamovil_positividad,0.0553
2020-10-01,mediamovil_positividad,0.0543
2020-10-02,mediamovil_positividad,0.0527
2020-10-03,mediamovil_positividad,0.0523
2020-10-04,mediamovil_positividad,0.052
2020-10-05,mediamovil_positividad,0.0515
2020-10-06,mediamovil_positividad,0.0519
2020-10-07,mediamovil_positividad,0.0514
2020-10-08,mediamovil_positividad,0.0507
2020-10-09,mediamovil_positividad,0.0508
2020-10-10,mediamovil_positividad,0.0505
2020-10-11,mediamovil_positividad,0.0502
2020-10-12,mediamovil_positividad,0.0501
2020-10-13,mediamovil_positividad,0.0494
2020-10-14,mediamovil_positividad,0.0502
2020-10-15,mediamovil_positividad,0.0523
2020-10-16,mediamovil_positividad,0.0531
2020-10-17,mediamovil_positividad,0.053
2020-10-18,mediamovil_positividad,0.0533
2020-10-19,mediamovil_positividad,0.0536
2020-10-20,mediamovil_positividad,0.0519
2020-10-21,mediamovil_positividad,0.0517
2020-10-22,mediamovil_positividad,0.0495
2020-10-23,mediamovil_positividad,0.0486
2020-10-24,mediamovil_positividad,0.0477
2020-10-25,mediamovil_positividad,0.0466
2020-10-26,mediamovil_positividad,0.0459
2020-10-27,mediamovil_positividad,0.0464
2020-10-28,mediamovil_positividad,0.0442
2020-10-29,mediamovil_positividad,0.044
2020-10-30,mediamovil_positividad,0.0432
2020-10-31,mediamovil_positividad,0.0431
2020-11-01,mediamovil_positividad,0.043
2020-11-02,mediamovil_positividad,0.0425
2020-11-03,mediamovil_positividad,0.042
2020-11-04,mediamovil_positividad,0.0421
2020-11-05,mediamovil_positividad,0.042
2020-11-06,mediamovil_positividad,0.0425
2020-11-07,mediamovil_positividad,0.042
2020-11-08,mediamovil_positividad,0.0418
2020-11-09,mediamovil_positividad,0.0417
2020-11-10,mediamovil_positividad,0.0421
2020-11-11,mediamovil_positividad,0.0412
2020-11-12,mediamovil_positividad,0.0413
2020-11-13,mediamovil_positividad,0.0409
2020-11-14,mediamovil_positividad,0.041
2020-11-15,mediamovil_positividad,0.0412
2020-11-16,mediamovil_positividad,0.0413
2020-11-17,mediamovil_positividad,0.0411
2020-11-18,mediamovil_positividad,0.0419
2020-11-19,mediamovil_positividad,0.0413
2020-11-20,mediamovil_positividad,0.0411
2020-11-21,mediamovil_positividad,0.0409
2020-11-22,mediamovil_positividad,0.0406
2020-11-23,mediamovil_positividad,0.0409
2020-11-24,mediamovil_positividad,0.0409
2020-11-25,mediamovil_positividad,0.0413
2020-11-26,mediamovil_positividad,0.0416
2020-11-27,mediamovil_positividad,0.0416
2020-11-28,mediamovil_positividad,0.0422
2020-11-29,mediamovil_positividad,0.0418
2020-11-30,mediamovil_positividad,0.0415
2020-12-01,mediamovil_positividad,0.0419
2020-12-02,mediamovil_positividad,0.0417
2020-12-03,mediamovil_positividad,0.0415
2020-12-04,mediamovil_positividad,0.0418
2020-12-05,mediamovil_positividad,0.0411
2020-12-06,mediamovil_positividad,0.0419
2020-12-07,mediamovil_positividad,0.0434
2020-12-08,mediamovil_positividad,0.0437
2020-12-09,mediamovil_positividad,0.0448
2020-12-10,mediamovil_positividad,0.0462
2020-12-11,mediamovil_positividad,0.048
2020-12-12,mediamovil_positividad,0.049
2020-12-13,mediamovil_positividad,0.0496
2020-12-14,mediamovil_positividad,0.0489
2020-12-15,mediamovil_positividad,0.0491
2020-12-16,mediamovil_positividad,0.0488
2020-12-17,mediamovil_positividad,0.0486
2020-12-18,mediamovil_positividad,0.0479
2020-12-19,mediamovil_positividad,0.0483
2020-12-20,mediamovil_positividad,0.0482
2020-12-21,mediamovil_positividad,0.0484
2020-12-22,mediamovil_positividad,0.0493
2020-12-23,mediamovil_positividad,0.0494
2020-12-24,mediamovil_positividad,0.05
2020-12-25,mediamovil_positividad,0.0503
2020-12-26,mediamovil_positividad,0.0511
2020-12-27,mediamovil_positividad,0.0539
2020-12-28,mediamovil_positividad,0.0595
2020-12-29,mediamovil_positividad,0.0639
2020-12-30,mediamovil_positividad,0.0667
2020-12-31,mediamovil_positividad,0.0691
2021-01-01,mediamovil_positividad,0.0717
2021-01-02,mediamovil_positividad,0.0745
2021-01-03,mediamovil_positividad,0.0765
2021-01-04,mediamovil_positividad,0.0785
2021-01-05,mediamovil_positividad,0.0797
2021-01-06,mediamovil_positividad,0.0795
2021-01-07,mediamovil_positividad,0.0804
2021-01-08,mediamovil_positividad,0.0814
2021-01-09,mediamovil_positividad,0.0818
